Statistics,Milliseconds
Maximum Time,0.00109401649558
Minimum Time0.00218803299116
Average Time,0.00133105340296
Median Time,0.00273504123895