Statistics,Milliseconds
Maximum Time,0.00291737732155
Minimum Time0.000364672165194
Average Time,0.00111954354714
Median Time,0.00109401649558