Input size n for Array_i,Value of n * log(n),Time spent (milliseconds),Value of ( n * log(n) ) / time
1000,9965.78428466,6.2951,2 * 10^(3)
2000,21931.5685693,14.416,2 * 10^(3)
3000,34652.2403561,18.2133,2 * 10^(3)
4000,47863.1371386,25.6136,2 * 10^(3)
5000,61438.5618977,34.6819,2 * 10^(3)
6000,75304.4807123,41.6684,2 * 10^(3)
7000,89411.974447,53.8584,2 * 10^(3)
8000,103726.274277,80.118,1 * 10^(3)
9000,118221.383575,74.9136,2 * 10^(3)
